{"cameraMode":{"drawMode":0,"name":"Shaded","section":"Shading Mode"},"sceneLighting":true,"audioPlay":false,"sceneViewState":{"m_AlwaysRefresh":false,"showFog":true,"showSkybox":true,"showFlares":true,"showImageEffects":true,"showParticleSystems":true,"showVisualEffectGraphs":true,"m_FxEnabled":true},"in2DMode":false,"pivot":{"x":-41.850337982177737,"y":32.26942825317383,"z":28.817819595336915},"rotation":{"x":0.06509499251842499,"y":0.8663101196289063,"z":-0.48148009181022646,"w":0.1164533942937851},"size":1.8207725286483765,"orthographic":false}