{"cameraMode":{"drawMode":0,"name":"Shaded","section":"Shading Mode"},"sceneLighting":true,"audioPlay":false,"sceneViewState":{"m_AlwaysRefresh":false,"showFog":true,"showSkybox":true,"showFlares":true,"showImageEffects":true,"showParticleSystems":true,"showVisualEffectGraphs":true,"m_FxEnabled":true},"in2DMode":false,"pivot":{"x":-27.706161499023439,"y":30.58548927307129,"z":-1.6843578815460206},"rotation":{"x":0.08943182229995728,"y":0.8974324464797974,"z":-0.2445194572210312,"w":0.35616812109947207},"size":0.2816384434700012,"orthographic":false}