{"cameraMode":{"drawMode":0,"name":"Shaded","section":"Shading Mode"},"sceneLighting":true,"audioPlay":false,"sceneViewState":{"m_AlwaysRefresh":false,"showFog":true,"showSkybox":true,"showFlares":true,"showImageEffects":true,"showParticleSystems":true,"showVisualEffectGraphs":true,"m_FxEnabled":true},"in2DMode":false,"pivot":{"x":-26.201284408569337,"y":30.75946807861328,"z":1.1410263776779175},"rotation":{"x":0.025495249778032304,"y":-0.014988405629992485,"z":0.0003588824183680117,"w":0.9996210336685181},"size":0.9961963891983032,"orthographic":false}