{"cameraMode":{"drawMode":0,"name":"Shaded","section":"Shading Mode"},"sceneLighting":true,"audioPlay":false,"sceneViewState":{"m_AlwaysRefresh":false,"showFog":true,"showSkybox":true,"showFlares":true,"showImageEffects":true,"showParticleSystems":true,"showVisualEffectGraphs":true,"m_FxEnabled":true},"in2DMode":false,"pivot":{"x":-44.25265884399414,"y":1.3181556463241578,"z":-9.068262100219727},"rotation":{"x":-0.0005008613225072622,"y":0.9984943866729736,"z":0.008988000452518464,"w":0.05485164001584053},"size":2.881779432296753,"orthographic":false}