{"cameraMode":{"drawMode":0,"name":"Shaded","section":"Shading Mode"},"sceneLighting":false,"audioPlay":false,"sceneViewState":{"m_AlwaysRefresh":false,"showFog":true,"showSkybox":false,"showFlares":true,"showImageEffects":true,"showParticleSystems":true,"showVisualEffectGraphs":true,"m_FxEnabled":true},"in2DMode":false,"pivot":{"x":4.268142223358154,"y":19.087011337280275,"z":-59.21800231933594},"rotation":{"x":-0.005370775703340769,"y":0.9911763668060303,"z":0.12569153308868409,"w":0.04226180538535118},"size":70.71067810058594,"orthographic":false}