{"cameraMode":{"drawMode":0,"name":"Shaded","section":"Shading Mode"},"sceneLighting":false,"audioPlay":false,"sceneViewState":{"m_AlwaysRefresh":false,"showFog":true,"showSkybox":false,"showFlares":true,"showImageEffects":true,"showParticleSystems":true,"showVisualEffectGraphs":true,"m_FxEnabled":true},"in2DMode":false,"pivot":{"x":-43.18561935424805,"y":0.3505738079547882,"z":-10.930185317993164},"rotation":{"x":0.008099746890366078,"y":-0.9889703989028931,"z":0.13583724200725556,"w":0.05881183221936226},"size":2.020565986633301,"orthographic":false}