{"cameraMode":{"drawMode":0,"name":"Shaded","section":"Shading Mode"},"sceneLighting":false,"audioPlay":false,"sceneViewState":{"m_AlwaysRefresh":false,"showFog":true,"showSkybox":false,"showFlares":true,"showImageEffects":true,"showParticleSystems":true,"showVisualEffectGraphs":true,"m_FxEnabled":true},"in2DMode":false,"pivot":{"x":-39.80099868774414,"y":0.6911308765411377,"z":0.04060178995132446},"rotation":{"x":0.01773739792406559,"y":-0.9739125370979309,"z":0.21215245127677918,"w":0.08052074164152146},"size":1.2016849517822266,"orthographic":false}