{"cameraMode":{"drawMode":0,"name":"Shaded","section":"Shading Mode"},"sceneLighting":false,"audioPlay":false,"sceneViewState":{"m_AlwaysRefresh":false,"showFog":true,"showSkybox":false,"showFlares":true,"showImageEffects":true,"showParticleSystems":true,"showVisualEffectGraphs":true,"m_FxEnabled":true},"in2DMode":false,"pivot":{"x":108.57557678222656,"y":3.3878602981567385,"z":-15.36345100402832},"rotation":{"x":0.007304567378014326,"y":0.7414121627807617,"z":-0.007968221791088581,"w":0.6710349321365356},"size":92.98500061035156,"orthographic":false}