{"cameraMode":{"drawMode":0,"name":"Shaded","section":"Shading Mode"},"sceneLighting":false,"audioPlay":false,"sceneViewState":{"m_AlwaysRefresh":false,"showFog":true,"showSkybox":false,"showFlares":true,"showImageEffects":true,"showParticleSystems":true,"showVisualEffectGraphs":true,"m_FxEnabled":true},"in2DMode":false,"pivot":{"x":-42.22673034667969,"y":-0.42366260290145876,"z":-7.612522125244141},"rotation":{"x":-0.09412740916013718,"y":-0.06982684135437012,"z":0.0066306195221841339,"w":-0.9931085109710693},"size":2.020565986633301,"orthographic":false}