{"cameraMode":{"drawMode":0,"name":"Shaded","section":"Shading Mode"},"sceneLighting":false,"audioPlay":false,"sceneViewState":{"m_AlwaysRefresh":false,"showFog":true,"showSkybox":false,"showFlares":true,"showImageEffects":true,"showParticleSystems":true,"showVisualEffectGraphs":true,"m_FxEnabled":true},"in2DMode":false,"pivot":{"x":-4.1518096923828129,"y":0.7358287572860718,"z":0.373557984828949},"rotation":{"x":0.010347572155296803,"y":0.9870715141296387,"z":-0.1416742205619812,"w":0.07716570049524307},"size":1.395716905593872,"orthographic":false}