{"cameraMode":{"drawMode":0,"name":"Shaded","section":"Shading Mode"},"sceneLighting":false,"audioPlay":false,"sceneViewState":{"m_AlwaysRefresh":false,"showFog":true,"showSkybox":false,"showFlares":true,"showImageEffects":true,"showParticleSystems":true,"showVisualEffectGraphs":true,"m_FxEnabled":true},"in2DMode":false,"pivot":{"x":-0.3550896644592285,"y":0.26124313473701479,"z":0.6399970054626465},"rotation":{"x":-0.038327574729919437,"y":-0.6548500061035156,"z":0.03362750634551048,"w":-0.7542933225631714},"size":2.393928050994873,"orthographic":false}